0;0;0;0;land;false;unknown;0
1;179;244;127;land;false;forest;1
2;203;239;190;land;true;forest;1
3;176;218;178;land;false;forest;1
4;215;241;79;land;false;forest;1
5;129;225;237;land;true;forest;1
6;71;251;249;land;false;forest;1
7;170;231;209;land;false;forest;1
8;187;240;129;land;false;forest;1
9;244;235;100;land;false;forest;1
10;165;204;237;land;false;forest;1
11;253;226;145;land;false;forest;1
12;48;218;237;land;false;mountain;1
13;198;223;219;land;true;forest;1
14;235;129;212;land;true;forest;1
15;165;254;188;land;false;forest;1
16;163;228;119;land;false;forest;1
